SimulationID,SimulationDuration,SimulationCost
955d238c-9e24-11e9-a91c-2079183a5c9a,47059.179427999996,0
c9d5a152-9e24-11e9-8526-2079183a5c9a,47059.179428,0
