SimulationID,SimulationDuration,SimulationCost
09d4e0f6-974b-11e9-97d5-2079183a5c9a,47059.179428,0
f59ef100-9754-11e9-a996-2079183a5c9a,47059.179427999996,0
9f369abe-9756-11e9-a8d0-2079183a5c9a,47059.179428,0
